Date,TRRet
1/30/1926,0.013394765
2/27/1926,0.006154089
3/31/1926,0.003881219
4/30/1926,0.007440844
5/28/1926,0.00147181
6/30/1926,0.003749772
7/31/1926,0.000733505
8/31/1926,0.000409305
9/30/1926,0.003768618
10/30/1926,0.009623362
11/30/1926,0.015171956
12/31/1926,0.007495599
1/31/1927,0.007256338
2/28/1927,0.008784665
3/31/1927,0.024161463
4/30/1927,-0.000146708
5/31/1927,0.010431536
6/30/1927,-0.006393262
7/30/1927,0.005055211
8/31/1927,0.007294515
9/30/1927,0.002234592
10/31/1927,0.010115256
11/30/1927,0.009181252
12/31/1927,0.007021221
1/31/1928,-0.002763144
2/29/1928,0.005888264
3/31/1928,0.004419009
4/30/1928,-0.000494431
5/31/1928,-0.007543905
6/30/1928,0.003256061
7/31/1928,-0.023234306
8/31/1928,0.007341294
9/29/1928,-0.004970515
10/31/1928,0.016998362
11/30/1928,0.001457782
12/31/1928,0.000578039
1/31/1929,-0.008596666
2/28/1929,-0.014572391
3/28/1929,-0.013665334
4/30/1929,0.025984435
5/31/1929,-0.015337458
6/29/1929,0.010471623
7/31/1929,-0.000514323
8/30/1929,-0.003040362
9/30/1929,0.001430095
10/31/1929,0.037023222
11/27/1929,0.020006292
12/31/1929,-0.007145394
1/31/1930,-0.004143893
2/28/1930,0.012582674
3/31/1930,0.00897603
4/30/1930,-0.001011494
5/29/1930,0.014543296
6/30/1930,0.003663616
7/31/1930,0.005352117
8/29/1930,0.002007871
9/30/1930,0.007575483
10/31/1930,0.003602121
11/29/1930,0.004116138
12/31/1930,-0.006418065
1/31/1931,-0.010927152
2/28/1931,0.008068873
3/31/1931,0.009867979
4/30/1931,0.008420322
5/29/1931,0.014296607
6/30/1931,0.00081927
7/31/1931,-0.003515134
8/31/1931,0.001316941
9/30/1931,-0.026194049
10/31/1931,-0.039722762
11/30/1931,-0.000396373
12/31/1931,-0.041142612
1/30/1932,-0.005500322
2/29/1932,0.034599554
3/31/1932,0.001494343
4/30/1932,0.045995731
5/31/1932,-0.022323512
6/30/1932,0.013743175
7/30/1932,0.034566584
8/31/1932,0.005585212
9/30/1932,0.00880021
10/31/1932,-0.004992399
11/30/1932,0.007021542
12/31/1932,0.0163579
1/31/1933,0.014340685
2/28/1933,-0.034156211
3/31/1933,0.015366242
4/29/1933,-0.001502317
5/31/1933,0.026078915
6/30/1933,0.007490561
7/31/1933,-0.001802965
8/31/1933,0.00933329
9/30/1933,-0.000227473
10/31/1933,-0.003901491
11/29/1933,-0.023137116
12/30/1933,-0.000673176
1/31/1934,0.015600844
2/28/1934,0.012978515
3/31/1934,0.017501297
4/30/1934,0.011160907
5/31/1934,0.01457612
6/30/1934,0.009573201
7/31/1934,0.003988134
8/31/1934,-0.00854462
9/29/1934,-0.016598801
10/31/1934,0.019626701
11/30/1934,0.005905744
12/31/1934,0.011609782
1/31/1935,0.01673764
2/28/1935,0.012569141
3/30/1935,0.003146564
4/30/1935,0.007937288
5/31/1935,-0.002462435
6/29/1935,0.007372424
7/31/1935,0.003314792
8/31/1935,-0.014160997
9/30/1935,-0.00112794
10/30/1935,0.007692341
11/30/1935,0.000370279
12/31/1935,0.005952146
1/31/1936,0.004267053
2/29/1936,0.009699931
3/31/1936,0.009641036
4/30/1936,0.003973671
5/29/1936,0.003955562
6/30/1936,0.001246441
7/31/1936,0.005500713
8/31/1936,0.009889762
9/30/1936,-0.000993374
10/31/1936,0.001355798
11/30/1936,0.019130761
12/31/1936,0.004155466
1/30/1937,-0.000865105
2/27/1937,0.005013276
3/31/1937,-0.037310711
4/30/1937,0.001842503
5/28/1937,0.007695048
6/30/1937,-0.00067628
7/31/1937,0.013421666
8/31/1937,-0.010378621
9/30/1937,0.00463207
10/30/1937,0.004315351
11/30/1937,0.009292901
12/31/1937,0.008231198
1/31/1938,0.00603915
2/28/1938,0.004881356
3/31/1938,-0.004772626
4/30/1938,0.021357306
5/31/1938,0.004435734
6/30/1938,0.003226759
7/30/1938,0.004368896
8/31/1938,0.00045395
9/30/1938,0.000769395
10/31/1938,0.010199707
11/30/1938,-0.002520547
12/31/1938,0.008707839
1/31/1939,0.005426435
2/28/1939,0.008331211
3/31/1939,0.012001937
4/29/1939,0.008234676
5/31/1939,0.01723471
6/30/1939,-0.003973784
7/31/1939,0.010909464
8/31/1939,-0.019835873
9/30/1939,-0.045677934
10/31/1939,0.036274724
11/30/1939,0.015998239
12/30/1939,0.010961192
1/31/1940,-0.00089529
2/29/1940,0.002386185
3/30/1940,0.016561703
4/30/1940,-0.001144109
5/31/1940,-0.028471909
6/29/1940,0.025006432
7/31/1940,0.002403751
8/31/1940,0.003540973
9/30/1940,0.009811347
10/31/1940,0.004980029
11/30/1940,0.017495602
12/31/1940,0.005221519
1/31/1941,-0.017517321
2/28/1941,-0.001066827
3/31/1941,0.007799731
4/30/1941,0.012687233
5/31/1941,0.00202523
6/30/1941,0.006875605
7/31/1941,0.004149547
8/30/1941,-0.001099941
9/30/1941,-0.001005758
10/31/1941,0.009413008
11/29/1941,-0.001799937
12/31/1941,-0.016625157
1/31/1942,-8.08E-05
2/28/1942,-0.002552644
3/31/1942,0.013164396
4/30/1942,-0.001814318
5/29/1942,0.00617818
6/30/1942,0.000220379
7/31/1942,0.000918896
8/31/1942,0.001534105
9/30/1942,6.49E-05
10/31/1942,0.002679422
11/30/1942,-0.000617329
12/31/1942,0.002871036
1/30/1943,0.004257676
2/27/1943,0.001514412
3/31/1943,0.001104059
4/30/1943,0.005434983
5/29/1943,0.007524508
6/30/1943,0.004142771
7/31/1943,-5.65E-05
8/31/1943,0.000659038
9/30/1943,0.002489087
10/30/1943,0.001154271
11/30/1943,-3.36E-05
12/31/1943,0.001951411
1/31/1944,0.002024361
2/29/1944,0.004114823
3/31/1944,0.001402466
4/29/1944,0.00174147
5/31/1944,0.002072203
6/30/1944,0.001865305
7/31/1944,0.002704107
8/31/1944,0.002934671
9/30/1944,0.0004561
10/31/1944,0.00123871
11/30/1944,0.00201017
12/30/1944,0.003520547
1/31/1945,0.008969305
2/28/1945,0.005219557
3/31/1945,0.00166948
4/30/1945,0.005126415
5/31/1945,0.001209891
6/30/1945,0.005567308
7/31/1945,-0.000520285
8/31/1945,0.000129206
9/29/1945,0.002134641
10/31/1945,0.004202802
11/30/1945,0.003961607
12/31/1945,0.005642285
1/31/1946,0.011917054
2/28/1946,0.007149091
3/30/1946,0.001698242
4/30/1946,-0.010314277
5/31/1946,0.003002865
6/28/1946,0.003637222
7/31/1946,-0.003138425
8/30/1946,-0.001185103
9/30/1946,-0.002283428
10/31/1946,0.004603388
11/30/1946,-0.002430085
12/31/1946,0.006294217
1/31/1947,0.002257485
2/28/1947,0.002151692
3/31/1947,0.002587262
4/30/1947,-8.38E-05
5/29/1947,0.0016639
6/30/1947,-0.001022348
7/31/1947,0.0013198
8/29/1947,0.003411276
9/30/1947,0.00011649
10/31/1947,-0.004781936
11/28/1947,-0.002891365
12/31/1947,-0.004608247
1/30/1948,0.001488788
2/27/1948,0.002280455
3/31/1948,0.002512152
4/30/1948,0.001888595
5/28/1948,0.005628378
6/30/1948,-0.002291547
7/30/1948,0.000142221
8/31/1948,0.001004767
9/30/1948,0.001195549
10/29/1948,0.001118022
11/30/1948,0.00290264
12/31/1948,0.003205563
1/31/1949,0.003252096
2/28/1949,0.002358739
3/31/1949,0.002383329
4/29/1949,0.001349857
5/31/1949,0.001850433
6/30/1949,0.006429572
7/29/1949,0.003479951
8/31/1949,0.004020007
9/30/1949,0.001391574
10/31/1949,0.00152942
11/30/1949,0.001924818
12/30/1949,0.003278525
1/31/1950,-0.001969565
2/28/1950,0.000141147
3/31/1950,-0.000341522
4/28/1950,-0.000318919
5/31/1950,0.001315625
6/30/1950,-0.000558276
7/31/1950,0.002020068
8/31/1950,0.00105102
9/29/1950,-0.001179871
10/31/1950,-0.000127299
11/30/1950,0.001315122
12/29/1950,0.001239932
1/31/1951,0.002357497
2/28/1951,0.000273254
3/30/1951,-0.007839222
4/30/1951,-0.002370505
5/31/1951,-0.000331797
6/29/1951,0.001659376
7/31/1951,0.004700328
8/31/1951,0.006483654
9/28/1951,-0.003119033
10/31/1951,0.001385458
11/30/1951,-0.000557074
12/31/1951,-0.001429602
1/31/1952,0.004176077
2/29/1952,0.000849172
3/31/1952,0.004917857
4/30/1952,0.006563693
5/29/1952,0.000995703
6/30/1952,-0.000237705
7/31/1952,-0.000523591
8/29/1952,-0.001387531
9/30/1952,-0.002362879
10/31/1952,0.005812737
11/28/1952,0.000702727
12/31/1952,-4.27E-05
1/30/1953,0.001385282
2/27/1953,-0.001717021
3/31/1953,-0.000500606
4/30/1953,-0.004098041
5/29/1953,-0.005983477
6/30/1953,0.010268291
7/31/1953,0.004065175
8/31/1953,0.001868282
9/30/1953,0.012643023
10/30/1953,0.00479706
11/30/1953,-0.000198309
12/31/1953,0.008405762
1/29/1954,0.006728083
2/26/1954,0.006337193
3/31/1954,0.003648453
4/30/1954,0.005697178
5/28/1954,-0.005752986
6/30/1954,0.006809154
7/30/1954,0.002176658
8/31/1954,-0.001136794
9/30/1954,0.000122888
10/29/1954,-0.000245899
11/30/1954,-0.000837986
12/31/1954,0.000259946
1/31/1955,-0.003984017
2/28/1955,-0.003712805
3/31/1955,0.002635286
4/29/1955,-0.000641365
5/31/1955,0.003513951
6/30/1955,-0.002727965
7/29/1955,-0.005286904
8/31/1955,0.001988838
9/30/1955,0.006091192
10/31/1955,0.005041643
11/30/1955,-0.002823455
12/30/1955,0.000637245
1/31/1956,0.007614334
2/29/1956,0.000807385
3/29/1956,-0.006951988
4/30/1956,-0.001155949
5/31/1956,0.009826504
6/29/1956,0.001738408
7/31/1956,-0.007237206
8/31/1956,-0.006039302
9/28/1956,0.003992828
10/31/1956,0.000184081
11/30/1956,-0.001905212
12/31/1956,-0.002555651
1/31/1957,0.016583679
2/28/1957,-0.001441852
3/29/1957,0.003403604
4/30/1957,-0.003343148
5/31/1957,-0.001844262
6/27/1957,-0.005463406
7/31/1957,0.003117964
8/30/1957,0.004804037
9/30/1957,0.000167104
10/31/1957,0.003513222
11/29/1957,0.027232124
12/31/1957,0.013447394
1/31/1958,0.004597063
2/28/1958,0.009087941
3/31/1958,0.005259758
4/30/1958,0.004765501
5/29/1958,0.004066405
6/30/1958,-0.00642294
7/31/1958,-0.006597134
8/29/1958,-0.024278821
9/30/1958,-0.000673891
10/31/1958,0.002825368
11/28/1958,0.007220706
12/31/1958,-0.005363967
1/30/1959,-0.000774801
2/27/1959,0.007248867
3/31/1959,-0.00185368
4/30/1959,-0.003862674
5/29/1959,0.000957402
6/30/1959,-0.000250135
7/31/1959,0.003608014
8/31/1959,-0.004730812
9/30/1959,0.002564097
10/30/1959,0.009859118
11/30/1959,-0.001643084
12/31/1959,-0.003114236
1/29/1960,0.010281873
2/29/1960,0.006325654
3/31/1960,0.020013123
4/29/1960,-0.004008729
5/31/1960,0.006053059
6/30/1960,0.013791856
7/29/1960,0.01620469
8/31/1960,8.21E-06
9/30/1960,0.002633209
10/31/1960,0.001123134
11/30/1960,-0.003812016
12/30/1960,0.014147
1/31/1961,-0.002892006
2/28/1961,0.005894869
3/30/1961,0.002015956
4/28/1961,0.00514617
5/31/1961,0.000497542
6/30/1961,-0.001992615
7/31/1961,0.00219443
8/31/1961,6.08E-05
9/29/1961,0.005334066
10/31/1961,0.003468252
11/30/1961,0.000300184
12/29/1961,0.000300994
1/31/1962,0.001851421
2/28/1962,0.006696626
3/30/1962,0.008108555
4/30/1962,0.00505685
5/31/1962,0.001789112
6/29/1962,-0.002074277
7/31/1962,0.001185745
8/31/1962,0.00813092
9/28/1962,0.004122334
10/31/1962,0.005052601
11/30/1962,0.002546576
12/31/1962,0.002891004
1/31/1963,0.002415066
2/28/1963,0.001931634
3/29/1963,0.002133594
4/30/1963,0.00183118
5/31/1963,0.00193369
6/28/1963,0.0019084
7/31/1963,0.001680624
8/30/1963,0.001917589
9/30/1963,0.002455644
10/31/1963,0.000787484
11/29/1963,0.002810261
12/31/1963,0.001312212
1/31/1964,0.003710793
2/28/1964,0.001254736
3/31/1964,0.001456245
4/30/1964,0.004849645
5/28/1964,0.004932242
6/30/1964,0.005381591
7/31/1964,0.003217761
8/31/1964,0.001979016
9/30/1964,0.003396263
10/30/1964,0.003231178
11/30/1964,0.001115254
12/31/1964,0.004620269
1/29/1965,0.003714506
2/26/1965,0.001623786
3/31/1965,0.004400975
4/30/1965,0.003340314
5/28/1965,0.002784264
6/30/1965,0.004653711
7/30/1965,0.002330626
8/31/1965,0.000659461
9/30/1965,-0.000264551
10/29/1965,0.002270806
11/30/1965,0.001809219
12/31/1965,-0.00475416
1/31/1966,0.002074899
2/28/1966,-0.004239818
3/31/1966,0.013018429
4/29/1966,0.001345885
5/31/1966,0.001336503
6/30/1966,0.000591354
7/29/1966,0.000808111
8/31/1966,-0.005325919
9/30/1966,0.012826792
10/31/1966,0.008431991
11/30/1966,0.000897355
12/30/1966,0.017415955
1/31/1967,0.009815466
2/28/1967,-0.002466982
3/31/1967,0.012268352
4/28/1967,-0.003704411
5/31/1967,0.003058202
6/30/1967,-0.010070684
7/31/1967,0.007456231
8/31/1967,-0.000510951
9/29/1967,0.002401578
10/31/1967,-0.004753063
11/30/1967,0.001713402
12/29/1967,0.004844325
1/31/1968,0.012430184
2/29/1968,0.002643125
3/29/1968,-0.001302017
4/30/1968,0.003929408
5/31/1968,0.004220506
6/28/1968,0.010160717
7/31/1968,0.012623167
8/30/1968,0.003765272
9/30/1968,0.002506392
10/31/1968,0.00085649
11/29/1968,-0.00031696
12/31/1968,-0.008209804
1/31/1969,0.004423973
2/28/1969,0.000639779
3/28/1969,0.004759757
4/30/1969,0.010460679
5/29/1969,-0.006023901
6/30/1969,0.000220752
7/31/1969,0.005782759
8/29/1969,0.002092214
9/30/1969,-0.011785181
10/31/1969,0.019708029
11/28/1969,-0.002329297
12/31/1969,-0.004495354
1/30/1970,0.007059714
2/27/1970,0.02640751
3/31/1970,0.006026196
4/30/1970,-0.009170295
5/29/1970,0.002884185
6/30/1970,0.01322207
7/31/1970,0.012296933
8/31/1970,0.005579573
9/30/1970,0.012656728
10/30/1970,0.006709456
11/30/1970,0.027115247
12/31/1970,0.003377741
1/29/1971,0.014796547
2/26/1971,0.008610257
3/31/1971,0.013383489
4/30/1971,-0.01362776
5/28/1971,0.000285237
6/30/1971,-0.008366744
7/30/1971,0.003475783
8/31/1971,0.024032381
9/30/1971,0.006600554
10/29/1971,0.011223889
11/30/1971,0.00263381
12/31/1971,0.008527003
1/31/1972,0.000724674
2/29/1972,0.005913676
3/30/1972,-0.003845673
4/28/1972,0.008446862
5/31/1972,0.007391115
6/30/1972,-0.001365938
7/31/1972,0.007273887
8/31/1972,-7.88E-05
9/29/1972,0.00274547
10/31/1972,0.006208714
11/30/1972,0.007291642
12/29/1972,0.000144
1/31/1973,-0.001595337
2/28/1973,0.000193911
3/30/1973,0.00202531
4/30/1973,0.007930746
5/31/1973,0.003021282
6/29/1973,0.00140343
7/31/1973,-0.011099746
8/31/1973,0.016804594
9/28/1973,0.019571546
10/31/1973,0.00650167
11/30/1973,0.005079288
12/31/1973,0.003339242
1/31/1974,0.005296441
2/28/1974,0.003574816
3/29/1974,-0.007884573
4/30/1974,-0.000909774
5/31/1974,0.01156374
6/28/1974,0.003829311
7/31/1974,0.004005882
8/30/1974,0.000831723
9/30/1974,0.018449507
10/31/1974,0.009718473
11/29/1974,0.012691554
12/31/1974,0.011002622
1/31/1975,0.011744814
2/28/1975,0.00925495
3/31/1975,-0.000119194
4/30/1975,-0.003106021
5/30/1975,0.014905007
6/30/1975,0.003446711
7/31/1975,0.001584125
8/29/1975,0.004182072
9/30/1975,-0.000583307
10/31/1975,0.019831463
11/28/1975,0.00198491
12/31/1975,0.012559989
1/30/1976,0.008908903
2/27/1976,0.002854052
3/31/1976,0.008359078
4/30/1976,0.005313984
5/28/1976,-0.003144898
6/30/1976,0.010477454
7/30/1976,0.008250721
8/31/1976,0.009719904
9/30/1976,0.008217325
10/29/1976,0.007908063
11/30/1976,0.014898159
12/31/1976,0.006376514
1/31/1977,-0.01041484
2/28/1977,0.004323083
3/31/1977,0.006203766
4/29/1977,0.004465694
5/31/1977,0.005561083
6/30/1977,0.008975833
7/29/1977,-0.001008908
8/31/1977,0.007363424
9/30/1977,0.002045846
10/31/1977,0.000308249
11/30/1977,0.007185818
12/30/1977,0.001204075
1/31/1978,0.002332597
2/28/1978,0.004002799
3/31/1978,0.004334741
4/28/1978,0.003707494
5/31/1978,0.00202485
6/30/1978,0.001223907
7/31/1978,0.008474563
8/31/1978,0.008599078
9/29/1978,0.002712658
10/31/1978,-0.0044965
11/30/1978,0.008245098
12/29/1978,-0.000752937
1/31/1979,0.014753036
2/28/1979,0.002401724
3/30/1979,0.009737799
4/30/1979,0.004956903
5/31/1979,0.014460501
6/29/1979,0.015065026
7/31/1979,0.001803054
8/31/1979,0.000705295
9/28/1979,0.001001496
10/31/1979,-0.022477117
11/30/1979,0.02376989
12/31/1979,0.00769022
1/31/1980,-0.006473708
2/29/1980,-0.02856283
3/31/1980,0.010380193
4/30/1980,0.067363527
5/30/1980,0.028664253
6/30/1980,0.012397232
7/31/1980,-0.006184442
8/29/1980,-0.015941747
9/30/1980,-0.001315244
10/31/1980,-0.004415538
11/28/1980,0.002448157
12/31/1980,0.022638961
1/30/1981,0.004952297
2/27/1981,-0.002701538
3/31/1981,0.022012405
4/30/1981,-0.012599749
5/29/1981,0.019727492
6/30/1981,0.009424356
7/31/1981,-0.005621944
8/31/1981,-0.004194059
9/30/1981,0.008939406
10/30/1981,0.037934904
11/30/1981,0.052118365
12/31/1981,-0.013866921
1/29/1982,0.004934177
2/26/1982,0.012879737
3/31/1982,0.010823282
4/30/1982,0.019684064
5/28/1982,0.013509941
6/30/1982,-0.004536671
7/30/1982,0.030486056
8/31/1982,0.033259395
9/30/1982,0.024886801
10/29/1982,0.029498737
11/30/1982,0.006520714
12/31/1982,0.015317335
1/31/1983,0.001155106
2/28/1983,0.017739294
3/31/1983,0.000801723
4/29/1983,0.016341655
5/31/1983,-0.004595758
6/30/1983,0.00487719
7/29/1983,-0.007981211
8/31/1983,0.007249893
9/30/1983,0.021241841
10/31/1983,0.00481419
11/30/1983,0.009776054
12/30/1983,0.00404586
1/31/1984,0.013404782
2/29/1984,-0.000335113
3/30/1984,-0.001771789
4/30/1984,0.004331093
5/31/1984,-0.012293199
6/29/1984,0.009813177
7/31/1984,0.027950814
8/31/1984,0.011918149
9/28/1984,0.017446081
10/31/1984,0.028376646
11/30/1984,0.014664398
12/31/1984,0.01200166
1/31/1985,0.015753947
2/28/1985,-0.009293033
3/29/1985,0.013911758
4/30/1985,0.015172016
5/31/1985,0.034325921
6/28/1985,0.009055017
7/31/1985,0.000184639
8/30/1985,0.013241039
9/30/1985,0.00653335
10/31/1985,0.014412725
11/29/1985,0.015899515
12/31/1985,0.021850629
1/31/1986,0.005349843
2/28/1986,0.028157523
3/31/1986,0.027538682
4/30/1986,0.0048137
5/30/1986,-0.011456149
6/30/1986,0.022275358
7/31/1986,0.006473299
8/29/1986,0.020490857
9/30/1986,-0.008834797
10/31/1986,0.011113606
11/28/1986,0.008511398
12/31/1986,0.002514343
1/30/1987,0.008436903
2/27/1987,0.006049655
3/31/1987,-0.002329229
4/30/1987,-0.014045383
5/29/1987,-0.001281232
6/30/1987,0.009942641
7/31/1987,-0.000123344
8/31/1987,-0.002146405
9/30/1987,-0.011956148
10/30/1987,0.029591929
11/30/1987,0.004722461
12/31/1987,0.010661253
1/29/1988,0.023119007
2/29/1988,0.008886399
3/31/1988,-0.005322515
4/29/1988,-0.002107406
5/31/1988,-0.003408505
6/30/1988,0.016897333
7/29/1988,-0.003084343
8/31/1988,0.003155822
9/30/1988,0.016741617
10/31/1988,0.014150921
11/30/1988,-0.0063837
12/30/1988,0.004307566
1/31/1989,0.011596476
2/28/1989,-0.003977857
3/31/1989,0.006719295
4/28/1989,0.016781955
5/31/1989,0.018667951
6/30/1989,0.025505819
7/31/1989,0.016766884
8/31/1989,-0.009228356
9/29/1989,0.004265994
10/31/1989,0.020298041
11/30/1989,0.008559943
12/29/1989,0.002590723
1/31/1990,-0.00672289
2/28/1990,0.003295775
3/30/1990,0.002459188
4/30/1990,-0.00340284
5/31/1990,0.020747511
6/29/1990,0.012439284
7/31/1990,0.011251753
8/31/1990,-0.006946978
9/28/1990,0.008478265
10/31/1990,0.013397699
11/30/1990,0.016713043
12/31/1990,0.012813944
1/31/1991,0.009216088
2/28/1991,0.005623369
3/28/1991,0.00432597
4/30/1991,0.009525908
5/31/1991,0.004692072
6/28/1991,1.20E-05
7/31/1991,0.010275223
8/30/1991,0.017060928
9/30/1991,0.015449026
10/31/1991,0.00798354
11/29/1991,0.008091731
12/31/1991,0.024135565
1/31/1992,-0.008446109
2/28/1992,0.003342725
3/31/1992,-0.002358832
4/30/1992,0.005914202
5/29/1992,0.012506244
6/30/1992,0.010897401
7/31/1992,0.017892935
8/31/1992,0.007365019
9/30/1992,0.011050998
10/30/1992,-0.0090557
11/30/1992,-0.000323697
12/31/1992,0.012041317
1/29/1993,0.014323521
2/26/1993,0.013418896
3/31/1993,0.003369442
4/30/1993,0.006033082
5/28/1993,-0.000318592
6/30/1993,0.015301622
7/30/1993,0.004413576
8/31/1993,0.014942638
9/30/1993,0.003568425
10/29/1993,0.003082325
11/30/1993,-0.005489308
12/31/1993,0.00344719
1/31/1994,0.00980631
2/28/1994,-0.013251438
3/31/1994,-0.012409092
4/29/1994,-0.004822437
5/31/1994,0.000486635
6/30/1994,0.000144834
7/29/1994,0.012533461
8/31/1994,0.001976533
9/30/1994,-0.007850684
10/31/1994,0.001085082
11/30/1994,-0.00048287
12/30/1994,0.005458129
1/31/1995,0.014268153
2/28/1995,0.015804678
3/31/1995,0.005923388
4/28/1995,0.009854804
5/31/1995,0.028164994
6/30/1995,0.007208632
7/31/1995,-0.000375212
8/31/1995,0.009062077
9/29/1995,0.007134176
10/31/1995,0.011389781
11/30/1995,0.011587861
12/29/1995,0.010346099
1/31/1996,0.006162498
2/29/1996,-0.010230188
3/29/1996,-0.004188997
4/30/1996,-0.002036152
5/31/1996,0.000786235
6/28/1996,0.008740334
7/31/1996,0.003615228
8/30/1996,0.000513643
9/30/1996,0.012375209
10/31/1996,0.015736675
11/29/1996,0.012085655
12/31/1996,-0.004591637
1/31/1997,0.002604871
2/28/1997,0.001877495
3/31/1997,-0.004688671
4/30/1997,0.010462609
5/30/1997,0.007565617
6/30/1997,0.009229942
7/31/1997,0.019521081
8/29/1997,-0.004902747
9/30/1997,0.012141974
10/31/1997,0.011854185
11/28/1997,0.003689329
12/31/1997,0.009685447
1/30/1998,0.011320033
2/27/1998,-0.000590032
3/31/1998,0.004058464
4/30/1998,0.004232589
5/29/1998,0.007498343
6/30/1998,0.009094923
7/31/1998,0.00306175
8/31/1998,0.021005973
9/30/1998,0.018000625
10/30/1998,-0.000611535
11/30/1998,0.001249821
12/31/1998,0.002592344
1/29/1999,0.004742822
2/26/1999,-0.015180079
3/31/1999,0.005221947
4/30/1999,0.003319081
5/28/1999,-0.005324327
6/30/1999,0.001252363
7/30/1999,0.000245962
8/31/1999,0.001792742
9/30/1999,0.006867162
10/29/1999,0.000942144
11/30/1999,0.000572473
12/31/1999,-0.001967005
1/31/2000,0.002921945
2/29/2000,0.01067661
3/31/2000,0.014074617
4/28/2000,-0.000379367
5/31/2000,0.003654302
6/30/2000,0.011972676
7/31/2000,0.008044304
8/31/2000,0.01108436
9/29/2000,0.002565348
10/31/2000,0.008017245
11/30/2000,0.013774725
12/29/2000,0.014728474
1/31/2001,0.009137454
2/28/2001,0.00836833
3/30/2001,0.003917044
4/30/2001,-0.005875415
5/31/2001,0.004587449
6/29/2001,0.002969583
7/31/2001,0.01629215
8/31/2001,0.009541533
9/28/2001,0.011476528
10/31/2001,0.018479294
11/30/2001,-0.014093876
12/31/2001,-0.004083536
1/31/2002,0.004175026
2/28/2002,0.006017398
3/28/2002,-0.013390615
4/30/2002,0.015376667
5/31/2002,0.00422699
6/28/2002,0.009019287
7/31/2002,0.014286641
8/30/2002,0.01265324
9/30/2002,0.015692219
10/31/2002,-0.004907112
11/29/2002,-0.005370853
12/31/2002,0.015399217
1/31/2003,-0.001311046
2/28/2003,0.009639701
3/31/2003,-0.000995065
4/30/2003,0.002691183
5/30/2003,0.014917372
6/30/2003,-0.001542551
7/31/2003,-0.021471343
8/29/2003,0.001187897
9/30/2003,0.017837639
10/31/2003,-0.007848266
11/28/2003,0.000425277
12/31/2003,0.006107674
1/30/2004,0.004879136
2/27/2004,0.007255451
3/31/2004,0.005477926
4/30/2004,-0.018032127
5/28/2004,-0.001758661
6/30/2004,0.003649631
7/30/2004,0.004950432
8/31/2004,0.012630753
9/30/2004,0.001328052
10/29/2004,0.004990561
11/30/2004,-0.007076948
12/31/2004,0.006086782
1/31/2005,0.004508258
2/28/2005,-0.004552444
3/31/2005,-0.000176066
4/29/2005,0.010590972
5/31/2005,0.008808614
6/30/2005,0.004458583
7/29/2005,-0.007864488
8/31/2005,0.010695299
9/30/2005,-0.00680143
10/31/2005,-0.003438813
11/30/2005,0.004390001
12/30/2005,0.006983443
1/31/2006,-0.000170711
2/28/2006,0.001668433
3/31/2006,-0.004051881
4/28/2006,-0.000869558
5/31/2006,0.001432393
6/30/2006,0.003651935
7/31/2006,0.0092093
8/31/2006,0.010486095
9/29/2006,0.007168919
10/31/2006,0.00472877
11/30/2006,0.007715235
12/29/2006,-0.003428703
1/31/2007,0.001312772
2/28/2007,0.010721823
3/30/2007,0.001900086
4/30/2007,0.004949857
5/31/2007,-0.004060709
6/29/2007,0.00135893
7/31/2007,0.012672524
8/31/2007,0.011161796
9/28/2007,0.004425497
10/31/2007,0.006599699
11/30/2007,0.022067151
12/31/2007,0.000920586
1/31/2008,0.019475329
2/29/2008,0.006978701
3/31/2008,0.005325288
4/30/2008,-0.010002548
5/30/2008,-0.008532772
6/30/2008,0.006402573
7/31/2008,0.004015759
8/29/2008,0.006947989
9/30/2008,0.005687864
10/31/2008,0.001010888
11/28/2008,0.029242679
12/31/2008,0.01802269
1/30/2009,-0.015503502
2/27/2009,-0.002022303
3/31/2009,0.011596313
4/30/2009,-0.010030299
5/29/2009,-0.005440349
6/30/2009,-0.001403542
7/31/2009,0.003169259
8/31/2009,0.005195867
9/30/2009,0.004720625
10/30/2009,4.25E-05
11/30/2009,0.008443449
12/31/2009,-0.016497267
1/29/2010,0.011134842
2/26/2010,0.00110392
3/31/2010,-0.004648444
4/30/2010,0.007242377
5/28/2010,0.011131125
6/30/2010,0.013409817
7/30/2010,0.003871059
8/31/2010,0.014030437
9/30/2010,-0.000110841
10/29/2010,-0.000656192
11/30/2010,-0.005098154
12/31/2010,-0.012160016
1/31/2011,-0.000141772
2/28/2011,-0.000848615
3/31/2011,-0.000991926
4/29/2011,0.009453223
5/31/2011,0.010615052
6/30/2011,-0.001987525
7/29/2011,0.013520279
8/31/2011,0.019137145
9/30/2011,0.011885227
10/31/2011,-0.003280428
11/30/2011,0.002821172
12/30/2011,0.006447445
1/31/2012,0.003395679
2/29/2012,-0.004698389
3/30/2012,-0.007040706
4/30/2012,0.010491694
5/31/2012,0.013035093
6/29/2012,-0.002843605
7/31/2012,0.00780175
8/31/2012,-0.001154733
9/28/2012,-0.002433484
10/31/2012,-0.001660548
11/30/2012,0.00401435
12/31/2012,-0.003543413
1/31/2013,-0.0061072
2/28/2013,0.004630805
3/28/2013,0.000830368
4/30/2013,0.007194749
5/31/2013,-0.013226329
6/28/2013,-0.010485417
7/31/2013,-0.000643002
8/30/2013,-0.005604478
9/30/2013,0.00736799
10/31/2013,0.003446023
11/29/2013,-0.002865411
12/31/2013,-0.008220224
1/31/2014,0.013898451
2/28/2014,0.001828231
3/31/2014,-0.002185914
4/30/2014,0.004600941
5/30/2014,0.007351919
6/30/2014,-0.001111566
7/31/2014,-0.000482082
8/29/2014,0.008942725
9/30/2014,-0.003904645
10/31/2014,0.007260265
11/28/2014,0.007763287
12/31/2014,0.000652666
1/30/2015,0.022445137
2/27/2015,-0.013236858
3/31/2015,0.004965562
4/30/2015,-0.003977161
5/29/2015,-0.003158934
6/30/2015,-0.006867489
7/31/2015,0.008725502
8/31/2015,-0.001318201
9/30/2015,0.008766234
10/30/2015,-0.003374092
11/30/2015,-0.003012155
12/31/2015,-0.001652435
1/29/2016,0.016718259
2/29/2016,0.006856307
3/31/2016,0.001542948
4/29/2016,-0.001824606
5/31/2016,6.81E-05
6/30/2016,0.018642043
7/29/2016,0.002198533
8/31/2016,-0.004615974
9/30/2016,1.42E-05
10/31/2016,-0.007997587
11/30/2016,-0.020209378
12/30/2016,-0.000464217
1/31/2017,0.001977807
2/28/2017,0.002605686
3/31/2017,0.001539556
4/28/2017,0.005011342
5/31/2017,0.004867521
6/30/2017,-0.000536056
7/31/2017,0.001073423
8/31/2017,0.008738524
9/29/2017,-0.006616707
10/31/2017,-0.000531885
11/30/2017,-0.000296681
12/29/2017,0.002341324
1/31/2018,-0.009323548
2/28/2018,-0.005540681
3/29/2018,0.00712185
4/30/2018,-0.006316811
5/31/2018,0.006315077
6/29/2018,0.001810906
7/31/2018,-0.002354761
8/31/2018,0.005806619
9/28/2018,-0.006633573
10/31/2018,-0.002399613
11/30/2018,0.007715718
12/31/2018,0.015903406
1/31/2019,0.004041426
2/28/2019,-0.001712705
3/29/2019,0.015118984
4/30/2019,-0.001633403
5/31/2019,0.01865561
6/28/2019,0.006336411
7/31/2019,0.000592243
8/30/2019,0.025496201
9/30/2019,-0.005597792
10/31/2019,0.000713277
11/29/2019,-0.001900505
12/31/2019,-0.003976423
